rank,iou,country,area_km2
1,0.4401,Barbados,388
2,0.4386,Myanmar,653195
3,0.4356,Chad,1269293
4,0.4353,Bulgaria,112375
5,0.4320,Indonesia,527572
6,0.4314,Libya,1618412
7,0.4291,South Africa,1216714
8,0.4249,Macao,23
9,0.4241,Eq. Guinea,24569
10,0.4185,Saudi Arabia,1924792
11,0.4183,Singapore,483
12,0.4180,Norfolk Island,41
13,0.4179,Hong Kong,796
14,0.4175,Netherlands,35822
15,0.4174,Bosnia and Herz.,51734
16,0.4169,South Korea,93495
17,0.4168,Samoa,1614
18,0.4162,Jersey,127
19,0.4159,Ethiopia,1128366
20,0.4151,Fr. S. Antarctic Lands,6603
21,0.4145,Guernsey,48
22,0.4128,Ecuador,246871
23,0.4128,Bahamas,3518
24,0.4121,Djibouti,21589
25,0.4114,Guinea-Bissau,31130
26,0.4103,Ukraine,569681
27,0.4077,Slovenia,20193
28,0.4074,Uganda,241374
29,0.4071,São Tomé and Principe,835
30,0.4060,Cabo Verde,931
31,0.4057,Angola,1238497
32,0.4054,Burundi,27159
33,0.4051,St-Martin,49
34,0.4049,Bhutan,39816
35,0.4035,Romania,235974
36,0.4033,Dominican Rep.,48351
37,0.4029,Canada,8072918
38,0.4024,Jordan,88526
39,0.4014,Azerbaijan,82212
40,0.4013,Belgium,30714
41,0.4011,Rwanda,25218
42,0.4009,Åland,643
43,0.4001,Ghana,238669
44,0.3999,Greenland,2110004
45,0.3996,St-Barthélemy,24
46,0.3993,Luxembourg,2616
47,0.3989,Cook Is.,60
48,0.3983,Kenya,592934
49,0.3982,Hungary,93168
50,0.3979,Brazil,8426164
51,0.3977,Mauritius,1874
52,0.3974,Germany,354190
53,0.3971,Estonia,41588
54,0.3970,France,538374
55,0.3969,Australia,7603548
56,0.3965,Ireland,68766
57,0.3962,Montserrat,80
58,0.3961,Malta,219
59,0.3960,Fiji,10859
60,0.3955,Lesotho,29955
61,0.3951,Grenada,285
62,0.3943,Gabon,258777
63,0.3941,Dem. Rep. Congo,2327612
64,0.3940,Liberia,95306
65,0.3937,Sri Lanka,65567
66,0.3926,Somalia,637451
67,0.3920,Niue,196
68,0.3916,Bangladesh,132567
69,0.3911,Qatar,11029
70,0.3903,Pitcairn Is.,39
71,0.3902,Colombia,1136367
72,0.3891,Senegal,197025
73,0.3890,Tunisia,156375
74,0.3888,Poland,314689
75,0.3886,Mauritania,1036156
76,0.3885,Cambodia,180706
77,0.3884,Madagascar,590549
78,0.3882,Iraq,435422
79,0.3877,Paraguay,399445
80,0.3875,Trinidad and Tobago,4851
81,0.3875,Saint Helena,102
82,0.3875,Oman,310095
83,0.3875,Iceland,101321
84,0.3871,N. Mariana Is.,117
85,0.3863,Faeroe Is.,570
86,0.3861,Côte d'Ivoire,321648
87,0.3856,Syria,185869
88,0.3851,El Salvador,20233
89,0.3848,Burkina Faso,272783
90,0.3846,Czechia,78961
91,0.3827,Micronesia,322
92,0.3823,Iran,1622042
93,0.3823,Guyana,210327
94,0.3822,Nauru,28
95,0.3820,Monaco,12
96,0.3817,Heard I. and McDonald Is.,420
97,0.3816,Serbia,77911
98,0.3813,Namibia,822408
99,0.3808,United States of America,7948770
100,0.3805,Bolivia,1088002
101,0.3803,Vanuatu,4012
102,0.3801,Slovakia,48358
103,0.3800,Guatemala,108143
104,0.3789,Indian Ocean Ter.,130
105,0.3789,Mongolia,1565591
106,0.3785,Andorra,443
107,0.3776,St. Vin. and Gren.,281
108,0.3774,Moldova,33236
109,0.3774,North Macedonia,25425
110,0.3769,India,3144504
111,0.3768,Nigeria,905955
112,0.3763,Croatia,51426
113,0.3762,Dominica,695
114,0.3756,Maldives,33
115,0.3745,Egypt,998593
116,0.3738,Tanzania,937710
117,0.3737,eSwatini,16980
118,0.3733,Afghanistan,641093
119,0.3729,Saint Lucia,549
120,0.3726,Isle of Man,560
121,0.3726,Niger,1183525
122,0.3724,Belarus,207394
123,0.3724,Zambia,752714
124,0.3724,San Marino,68
125,0.3721,Latvia,64583
126,0.3718,Central African Rep.,617802
127,0.3716,Argentina,2765241
128,0.3715,Sudan,1860525
129,0.3709,Tajikistan,141947
130,0.3704,Uruguay,177808
131,0.3696,Sint Maarten,42
132,0.3695,Tonga,240
133,0.3689,Switzerland,41239
134,0.3686,Guinea,243953
135,0.3685,Pakistan,872670
136,0.3685,Malawi,118931
137,0.3678,Austria,84399
138,0.3677,Costa Rica,51295
139,0.3670,Botswana,579792
140,0.3670,Ashmore and Cartier Is.,3
141,0.3670,Cayman Is.,218
142,0.3661,Liechtenstein,138
143,0.3660,Solomon Is.,5269
144,0.3658,Mozambique,789401
145,0.3657,Brunei,4336
146,0.3655,Russia,16455230
147,0.3654,Palau,322
148,0.3650,Montenegro,13668
149,0.3650,Antigua and Barb.,277
150,0.3645,Vatican,1
151,0.3636,Mali,1255874
152,0.3635,North Korea,122222
153,0.3632,Turks and Caicos Is.,130
154,0.3614,British Virgin Is.,54
155,0.3595,Cameroon,464032
156,0.3592,Japan,229781
157,0.3587,Yemen,449872
158,0.3586,China,9305428
159,0.3586,S. Sudan,620595
160,0.3583,Seychelles,174
161,0.3581,Taiwan,35733
162,0.3578,Sierra Leone,71168
163,0.3577,Algeria,2312019
164,0.3576,Bahrain,540
165,0.3574,Belize,22491
166,0.3568,Denmark,29372
167,0.3565,Fr. Polynesia,989
168,0.3562,Kuwait,16626
169,0.3561,Peru,1291080
170,0.3560,Turkmenistan,469758
171,0.3559,Lithuania,64667
172,0.3556,U.S. Virgin Is.,205
173,0.3553,Suriname,144825
174,0.3549,Albania,28243
175,0.3542,Puerto Rico,8725
176,0.3541,Greece,106279
177,0.3535,Turkey,756874
178,0.3532,Georgia,69208
179,0.3528,Honduras,112717
180,0.3524,Papua New Guinea,398621
181,0.3519,Spain,495948
182,0.3519,Nicaragua,128936
183,0.3516,Jamaica,10880
184,0.3507,Benin,116514
185,0.3503,Wallis and Futuna Is.,79
186,0.3497,Venezuela,906883
187,0.3492,Panama,73368
188,0.3489,American Samoa,120
189,0.3481,Haiti,25802
190,0.3481,Zimbabwe,389911
191,0.3470,Thailand,514013
192,0.3466,Comoros,976
193,0.3433,Finland,330667
194,0.3430,Lebanon,10016
195,0.3425,Congo,345276
196,0.3418,Aruba,155
197,0.3414,Cyprus,5675
198,0.3400,United Arab Emirates,70269
199,0.3384,Mexico,1945618
200,0.3342,Portugal,88026
201,0.3342,Guam,480
202,0.3333,Uzbekistan,450113
203,0.3329,Timor-Leste,14202
204,0.3314,Kyrgyzstan,199230
205,0.3305,St. Kitts and Nevis,149
206,0.3288,Philippines,105044
207,0.3285,United Kingdom,214219
208,0.3282,N. Cyprus,3482
209,0.3267,Armenia,29551
210,0.3241,Laos,229080
211,0.3148,New Zealand,148353
212,0.3145,Tuvalu,10
213,0.3113,Anguilla,83
214,0.3112,Sweden,442761
215,0.3109,Eritrea,121662
216,0.3086,Nepal,146808
217,0.3070,Italy,253278
218,0.3009,Bermuda,66
219,0.2998,Togo,56716
220,0.2985,Vietnam,323761
221,0.2959,Curaçao,428
222,0.2912,Malaysia,196144
223,0.2898,Kiribati,409
224,0.2850,S. Geo. and the Is.,3612
225,0.2707,St. Pierre and Miquelon,172
226,0.2628,Morocco,582866
227,0.2557,New Caledonia,16371
228,0.2387,Norway,298267
229,0.2385,Gambia,10217
230,0.1936,Marshall Is.,93
231,0.1544,Chile,669654
